[{"model": "pelicula.genero", "pk": 1, "fields": {"descripcion": "Comedy"}}, {"model": "pelicula.genero", "pk": 2, "fields": {"descripcion": "Drama"}}, {"model": "pelicula.genero", "pk": 3, "fields": {"descripcion": "Action"}}, {"model": "pelicula.genero", "pk": 4, "fields": {"descripcion": "Romance"}}, {"model": "pelicula.genero", "pk": 5, "fields": {"descripcion": "Thriller"}}, {"model": "pelicula.genero", "pk": 6, "fields": {"descripcion": "War"}}, {"model": "pelicula.genero", "pk": 7, "fields": {"descripcion": "Adventure"}}, {"model": "pelicula.genero", "pk": 8, "fields": {"descripcion": "Love"}}, {"model": "pelicula.genero", "pk": 9, "fields": {"descripcion": "Bad"}}, {"model": "pelicula.genero", "pk": 10, "fields": {"descripcion": "ULTRABAD!"}}, {"model": "pelicula.pelicula", "pk": 1, "fields": {"nombre": "Whatever Happened to Aunt Alice?", "estreno": 1981, "genero": 1}}, {"model": "pelicula.pelicula", "pk": 2, "fields": {"nombre": "Revenge of the Pink Panther", "estreno": 2004, "genero": 3}}, {"model": "pelicula.pelicula", "pk": 3, "fields": {"nombre": "Screaming Man, A (Un homme qui crie)", "estreno": 1950, "genero": 1}}, {"model": "pelicula.pelicula", "pk": 4, "fields": {"nombre": "Girl Who Played with Fire, The (Flickan som lekte med elden)", "estreno": 1961, "genero": 1}}, {"model": "pelicula.pelicula", "pk": 5, "fields": {"nombre": "Bad Family (Paha Perhe)", "estreno": 1959, "genero": 4}}, {"model": "pelicula.pelicula", "pk": 6, "fields": {"nombre": "Mad Adventures of Rabbi Jacob, the (Les Aventures de Rabbi Jacob)", "estreno": 1959, "genero": 3}}, {"model": "pelicula.pelicula", "pk": 7, "fields": {"nombre": "War Made Easy: How Presidents & Pundits Keep Spinning Us to Death", "estreno": 1971, "genero": 2}}, {"model": "pelicula.pelicula", "pk": 8, "fields": {"nombre": "Quincea\u00f1era", "estreno": 1991, "genero": 9}}, {"model": "pelicula.pelicula", "pk": 9, "fields": {"nombre": "Getting Away With Murder", "estreno": 1966, "genero": 3}}, {"model": "pelicula.pelicula", "pk": 10, "fields": {"nombre": "Cruel Gun Story (Kenj\u00fb zankoku monogatari)", "estreno": 2008, "genero": 5}}, {"model": "pelicula.pelicula", "pk": 11, "fields": {"nombre": "Of Time and the City", "estreno": 2005, "genero": 3}}, {"model": "pelicula.pelicula", "pk": 12, "fields": {"nombre": "Tenebre", "estreno": 2011, "genero": 9}}, {"model": "pelicula.pelicula", "pk": 13, "fields": {"nombre": "Yertle the Turtle and Other Stories", "estreno": 1954, "genero": 8}}, {"model": "pelicula.pelicula", "pk": 14, "fields": {"nombre": "Tender Is the Night", "estreno": 1968, "genero": 6}}, {"model": "pelicula.pelicula", "pk": 15, "fields": {"nombre": "Car Wash", "estreno": 1984, "genero": 2}}, {"model": "pelicula.cliente", "pk": 1, "fields": {"nombre": "Emilie", "telefono": "+359 926 553 7755", "email": "ebrettel0@4shared.com"}}, {"model": "pelicula.cliente", "pk": 2, "fields": {"nombre": "Dorena", "telefono": "+86 728 174 1154", "email": "dderr1@mozilla.com"}}, {"model": "pelicula.cliente", "pk": 3, "fields": {"nombre": "Coreen", "telefono": "+51 900 985 5882", "email": "chadeke2@miibeian.gov.cn"}}, {"model": "pelicula.cliente", "pk": 4, "fields": {"nombre": "Cissiee", "telefono": "+47 195 182 5050", "email": "ccroson3@timesonline.co.uk"}}, {"model": "pelicula.cliente", "pk": 5, "fields": {"nombre": "Martha", "telefono": "+81 822 338 6667", "email": "mvasyukhin4@nifty.com"}}, {"model": "pelicula.cliente", "pk": 6, "fields": {"nombre": "Liva", "telefono": "+420 491 110 8468", "email": "lkarpinski5@goodreads.com"}}, {"model": "pelicula.cliente", "pk": 7, "fields": {"nombre": "Alta", "telefono": "+48 969 753 3729", "email": "atrevon6@163.com"}}, {"model": "pelicula.cliente", "pk": 8, "fields": {"nombre": "Norah", "telefono": "+7 577 443 3032", "email": "nrichemond7@google.pl"}}, {"model": "pelicula.cliente", "pk": 9, "fields": {"nombre": "Anna", "telefono": "+55 512 924 4026", "email": "abynert8@nasa.gov"}}, {"model": "pelicula.cliente", "pk": 10, "fields": {"nombre": "Tamera", "telefono": "+86 671 938 1696", "email": "tgeindre9@freewebs.com"}}, {"model": "pelicula.cliente", "pk": 11, "fields": {"nombre": "Rachael", "telefono": "+62 709 801 5440", "email": "rdigiacomettinoa@istockphoto.com"}}, {"model": "pelicula.cliente", "pk": 12, "fields": {"nombre": "Zita", "telefono": "+52 749 658 5965", "email": "zbottomerb@psu.edu"}}, {"model": "pelicula.cliente", "pk": 13, "fields": {"nombre": "Ethelind", "telefono": "+353 729 705 4535", "email": "eromanc@deviantart.com"}}, {"model": "pelicula.cliente", "pk": 14, "fields": {"nombre": "Helenelizabeth", "telefono": "+52 705 705 7369", "email": "haloshechkind@geocities.jp"}}, {"model": "pelicula.cliente", "pk": 15, "fields": {"nombre": "Glory", "telefono": "+63 388 787 0993", "email": "ghollerine@cnet.com"}}, {"model": "pelicula.prestamo", "pk": 1, "fields": {"fecha": "2017-02-05", "fecha_devolucion": "2018-03-03", "pelicula": 7}}, {"model": "pelicula.prestamo", "pk": 2, "fields": {"fecha": "2017-03-10", "fecha_devolucion": "2018-03-03", "pelicula": 5}}, {"model": "pelicula.prestamo", "pk": 3, "fields": {"fecha": "2017-03-12", "fecha_devolucion": "2018-01-31", "pelicula": 9}}, {"model": "pelicula.prestamo", "pk": 4, "fields": {"fecha": "2017-04-15", "fecha_devolucion": "2018-03-28", "pelicula": 3}}, {"model": "pelicula.prestamo", "pk": 5, "fields": {"fecha": "2017-02-02", "fecha_devolucion": "2018-02-11", "pelicula": 2}}, {"model": "pelicula.prestamo", "pk": 6, "fields": {"fecha": "2017-01-19", "fecha_devolucion": "2018-01-26", "pelicula": 5}}, {"model": "pelicula.prestamo", "pk": 7, "fields": {"fecha": "2017-02-23", "fecha_devolucion": "2018-03-11", "pelicula": 1}}, {"model": "pelicula.prestamo", "pk": 8, "fields": {"fecha": "2017-02-20", "fecha_devolucion": "2018-02-19", "pelicula": 7}}, {"model": "pelicula.prestamo", "pk": 9, "fields": {"fecha": "2017-01-17", "fecha_devolucion": "2018-02-25", "pelicula": 5}}, {"model": "pelicula.prestamo", "pk": 10, "fields": {"fecha": "2017-02-12", "fecha_devolucion": "2018-04-04", "pelicula": 7}}, {"model": "pelicula.prestamo", "pk": 11, "fields": {"fecha": "2017-03-07", "fecha_devolucion": "2018-04-15", "pelicula": 8}}, {"model": "pelicula.prestamo", "pk": 12, "fields": {"fecha": "2017-01-23", "fecha_devolucion": "2018-02-16", "pelicula": 8}}, {"model": "pelicula.prestamo", "pk": 13, "fields": {"fecha": "2017-03-14", "fecha_devolucion": "2018-02-12", "pelicula": 8}}, {"model": "pelicula.prestamo", "pk": 14, "fields": {"fecha": "2017-02-05", "fecha_devolucion": "2018-01-18", "pelicula": 5}}, {"model": "pelicula.prestamo", "pk": 15, "fields": {"fecha": "2017-03-31", "fecha_devolucion": "2018-01-18", "pelicula": 7}}]